title,link
메뉴 영역으로 바로가기,https://search.naver.com/search.naver?ssc=tab.news.all&where=news&sm=tab_jum&query=2%EC%9D%BC#lnb
본문 영역으로 바로가기,https://search.naver.com/search.naver?ssc=tab.news.all&where=news&sm=tab_jum&query=2%EC%9D%BC#content
한글 입력기 입력도구,https://search.naver.com/search.naver?ssc=tab.news.all&where=news&sm=tab_jum&query=2%EC%9D%BC#
이 정보가 표시된 이유,https://search.naver.com/search.naver?ssc=tab.news.all&where=news&sm=tab_jum&query=2%EC%9D%BC#
컨텍스트 자동완성,https://search.naver.com/search.naver?ssc=tab.news.all&where=news&sm=tab_jum&query=2%EC%9D%BC#
컨텍스트 자동완성 레이어 닫기,https://search.naver.com/search.naver?ssc=tab.news.all&where=news&sm=tab_jum&query=2%EC%9D%BC#
모바일 메인 언론사,https://search.naver.com/search.naver?ssc=tab.news.all&where=news&sm=tab_jum&query=2%EC%9D%BC#
2025.09.26.,https://search.naver.com/search.naver?ssc=tab.news.all&where=news&sm=tab_jum&query=2%EC%9D%BC#
2025.09.26.,https://search.naver.com/search.naver?ssc=tab.news.all&where=news&sm=tab_jum&query=2%EC%9D%BC#
가톨릭뉴스 지금여기,https://search.naver.com/search.naver?ssc=tab.news.all&where=news&sm=tab_jum&query=2%EC%9D%BC#
가톨릭평화방송·평화신문,https://search.naver.com/search.naver?ssc=tab.news.all&where=news&sm=tab_jum&query=2%EC%9D%BC#
경성대 미식축구부 월간용광로,https://search.naver.com/search.naver?ssc=tab.news.all&where=news&sm=tab_jum&query=2%EC%9D%BC#
경주한수원축구단,https://search.naver.com/search.naver?ssc=tab.news.all&where=news&sm=tab_jum&query=2%EC%9D%BC#
경희대학교 레굴루스,https://search.naver.com/search.naver?ssc=tab.news.all&where=news&sm=tab_jum&query=2%EC%9D%BC#
고려대학교 SPORTS KU,https://search.naver.com/search.naver?ssc=tab.news.all&where=news&sm=tab_jum&query=2%EC%9D%BC#
광운대학교 아르마스,https://search.naver.com/search.naver?ssc=tab.news.all&where=news&sm=tab_jum&query=2%EC%9D%BC#
국민체육진흥공단,https://search.naver.com/search.naver?ssc=tab.news.all&where=news&sm=tab_jum&query=2%EC%9D%BC#
그린포스트코리아,https://search.naver.com/search.naver?ssc=tab.news.all&where=news&sm=tab_jum&query=2%EC%9D%BC#
Keep에 저장,https://search.naver.com/search.naver?ssc=tab.news.all&where=news&sm=tab_jum&query=2%EC%9D%BC#
Keep에 저장,https://search.naver.com/search.naver?ssc=tab.news.all&where=news&sm=tab_jum&query=2%EC%9D%BC#
Keep에 저장,https://search.naver.com/search.naver?ssc=tab.news.all&where=news&sm=tab_jum&query=2%EC%9D%BC#
10월 2일 '제31회 계양구민의 날' 행사 열려,http://news.lghellovision.net/news/articleView.html?idxno=521139
Keep에 저장,https://search.naver.com/search.naver?ssc=tab.news.all&where=news&sm=tab_jum&query=2%EC%9D%BC#
"용산구, 내달 2일 노인의 날 기념식·시니어모델 패션쇼",https://news.tf.co.kr/read/life/2247996.htm
Keep에 저장,https://search.naver.com/search.naver?ssc=tab.news.all&where=news&sm=tab_jum&query=2%EC%9D%BC#
Keep에 저장,https://search.naver.com/search.naver?ssc=tab.news.all&where=news&sm=tab_jum&query=2%EC%9D%BC#
Keep에 저장,https://search.naver.com/search.naver?ssc=tab.news.all&where=news&sm=tab_jum&query=2%EC%9D%BC#
Keep에 저장,https://search.naver.com/search.naver?ssc=tab.news.all&where=news&sm=tab_jum&query=2%EC%9D%BC#
"은평구, 사회적경제허브센터 입주기업 모집…내달 2일까지",https://weekly.cnbnews.com/news/article.html?no=191322
관련뉴스 6건 전체보기,https://search.naver.com/search.naver?de=&docid=0810003578256&ds=&field=0&mynews=0&news_office_checked=&nso=so%3Ar%2Cp%3Aall%2Ca%3Aall&office_section_code=0&office_type=0&pd=-1&photo=0&query=2%EC%9D%BC&related=1&sm=tab_tnw&sort=0&ssc=tab.news.all
Keep에 저장,https://search.naver.com/search.naver?ssc=tab.news.all&where=news&sm=tab_jum&query=2%EC%9D%BC#
Keep에 저장,https://search.naver.com/search.naver?ssc=tab.news.all&where=news&sm=tab_jum&query=2%EC%9D%BC#